order_id,product_id,quantity
1,1,2
1,3,1
2,4,1
3,6,1
3,8,1
4,9,2
4,10,1
5,7,1
5,13,2
6,2,1
6,10,1
7,5,1
8,15,2
8,19,1
9,12,1
10,17,1
10,23,1
11,14,1
12,16,1
13,5,1
14,12,1
15,20,1
16,22,1
17,13,2
18,1,1
19,24,2
20,25,1
21,19,1
22,26,1
23,21,1
24,4,1
25,29,2
26,30,1
27,6,1
28,8,1
29,27,2
30,17,1
